<?xml version="1.0" encoding="UTF-8"?>
<kml xmlns="http://www.opengis.net/kml/2.2">
  <Document>
    <name>NOME.kmz</name>
    <Style id="line-0000FF-3000-nodesc-normal">
      <LineStyle>
        <color>ffff0000</color>
        <width>3</width>
      </LineStyle>
      <BalloonStyle>
        <text><![CDATA[<h3>$[name]</h3>]]></text>
      </BalloonStyle>
    </Style>
    <Style id="line-0000FF-3000-nodesc-highlight">
      <LineStyle>
        <color>ffff0000</color>
        <width>4.5</width>
      </LineStyle>
      <BalloonStyle>
        <text><![CDATA[<h3>$[name]</h3>]]></text>
      </BalloonStyle>
    </Style>
    <StyleMap id="line-0000FF-3000-nodesc">
      <Pair>
        <key>normal</key>
        <styleUrl>#line-0000FF-3000-nodesc-normal</styleUrl>
      </Pair>
      <Pair>
        <key>highlight</key>
        <styleUrl>#line-0000FF-3000-nodesc-highlight</styleUrl>
      </Pair>
    </StyleMap>
    <Placemark>
      <name>NOME</name>
      <styleUrl>#line-0000FF-3000-nodesc</styleUrl>
      <LineString>
        <tessellate>1</tessellate>
        <coordinates>
                  
	</coordinates>
      </LineString>
    </Placemark>
  </Document>
</kml>
