<?xml version="1.0" encoding="UTF-8"?>
<kml xmlns="http://www.opengis.net/kml/2.2">
  <Document>
    <name>ALAGOINHA DO PIAUÍ.kmz</name>
    <Style id="line-0000FF-3000-nodesc-normal">
      <LineStyle>
        <color>ffff0000</color>
        <width>3</width>
      </LineStyle>
      <BalloonStyle>
        <text><![CDATA[<h3>$[name]</h3>]]></text>
      </BalloonStyle>
    </Style>
    <Style id="line-0000FF-3000-nodesc-highlight">
      <LineStyle>
        <color>ffff0000</color>
        <width>4.5</width>
      </LineStyle>
      <BalloonStyle>
        <text><![CDATA[<h3>$[name]</h3>]]></text>
      </BalloonStyle>
    </Style>
    <StyleMap id="line-0000FF-3000-nodesc">
      <Pair>
        <key>normal</key>
        <styleUrl>#line-0000FF-3000-nodesc-normal</styleUrl>
      </Pair>
      <Pair>
        <key>highlight</key>
        <styleUrl>#line-0000FF-3000-nodesc-highlight</styleUrl>
      </Pair>
    </StyleMap>
    <Placemark>
      <name>ALAGOINHA DO PIAUÍ</name>
      <styleUrl>#line-0000FF-3000-nodesc</styleUrl>
      <LineString>
        <tessellate>1</tessellate>
        <coordinates>
              -40.983835,-6.836204,0
              -40.982633,-6.868651,0
              -40.982564,-6.870506,0
              -40.982208,-6.897543,0
              -40.98154,-6.91559,0
              -40.983511,-6.952439,0
              -40.984047,-6.961077,0
              -40.984328,-6.96563,0
              -40.985822,-6.989759,0
              -40.98982,-7.011748,0
              -40.990328,-7.014545,0
              -40.991476,-7.021607,0
              -40.991982,-7.025315,0
              -40.993814,-7.038762,0
              -40.995164,-7.049756,0
              -40.997996,-7.066455,0
              -41.000629,-7.083828,0
              -41.001179,-7.086521,0
              -41.001104,-7.088842,0
              -41.000526,-7.106872,0
              -40.998483,-7.129502,0
              -40.997759,-7.135813,0
              -40.997587,-7.137316,0
              -40.996419,-7.136422,0
              -40.977705,-7.121792,0
              -40.959908,-7.107644,0
              -40.934004,-7.083306,0
              -40.92047,-7.084304,0
              -40.90003,-7.062324,0
              -40.875513,-7.035962,0
              -40.861819,-7.008207,0
              -40.850546,-6.98536,0
              -40.839009,-6.956813,0
              -40.828286,-6.928321,0
              -40.830163,-6.911656,0
              -40.834031,-6.874814,0
              -40.836712,-6.849257,0
              -40.836779,-6.84782,0
              -40.837262,-6.837483,0
              -40.837374,-6.835084,0
              -40.837953,-6.822658,0
              -40.838219,-6.814141,0
              -40.839418,-6.795984,0
              -40.84758,-6.784822,0
              -40.856889,-6.787408,0
              -40.85766,-6.787622,0
              -40.873712,-6.791744,0
              -40.882816,-6.792829,0
              -40.884411,-6.79027,0
              -40.897195,-6.769766,0
              -40.917175,-6.767672,0
              -40.9218,-6.767877,0
              -40.936699,-6.769,0
              -40.936871,-6.769012,0
              -40.9688,-6.771574,0
              -40.981491,-6.772304,0
              -40.983674,-6.796853,0
              -40.983455,-6.809387,0
              -40.983513,-6.813425,0
              -40.983835,-6.836204,0                 
	</coordinates>
      </LineString>
    </Placemark>
  </Document>
</kml>
