<?xml version="1.0" encoding="UTF-8"?>
<kml xmlns="http://www.opengis.net/kml/2.2">
  <Document>
    <name>ALEGRETE DO PIAUÍ.kmz</name>
    <Style id="line-0000FF-3000-nodesc-normal">
      <LineStyle>
        <color>ffff0000</color>
        <width>3</width>
      </LineStyle>
      <BalloonStyle>
        <text><![CDATA[<h3>$[name]</h3>]]></text>
      </BalloonStyle>
    </Style>
    <Style id="line-0000FF-3000-nodesc-highlight">
      <LineStyle>
        <color>ffff0000</color>
        <width>4.5</width>
      </LineStyle>
      <BalloonStyle>
        <text><![CDATA[<h3>$[name]</h3>]]></text>
      </BalloonStyle>
    </Style>
    <StyleMap id="line-0000FF-3000-nodesc">
      <Pair>
        <key>normal</key>
        <styleUrl>#line-0000FF-3000-nodesc-normal</styleUrl>
      </Pair>
      <Pair>
        <key>highlight</key>
        <styleUrl>#line-0000FF-3000-nodesc-highlight</styleUrl>
      </Pair>
    </StyleMap>
    <Placemark>
      <name>ALEGRETE DO PIAUÍ</name>
      <styleUrl>#line-0000FF-3000-nodesc</styleUrl>
      <LineString>
        <tessellate>1</tessellate>
        <coordinates>
              -40.828069,-7.120546,0
              -40.830388,-7.121264,0
              -40.829818,-7.133665,0
              -40.844378,-7.135541,0
              -40.844347,-7.126332,0
              -40.846787,-7.127225,0
              -40.851217,-7.128499,0
              -40.859845,-7.130506,0
              -40.858944,-7.137619,0
              -40.859961,-7.138466,0
              -40.861328,-7.14015,0
              -40.8618,-7.14104,0
              -40.862228,-7.142352,0
              -40.86303,-7.143709,0
              -40.864254,-7.144924,0
              -40.866698,-7.146509,0
              -40.867967,-7.147161,0
              -40.869611,-7.147905,0
              -40.8713,-7.148508,0
              -40.875762,-7.150366,0
              -40.876608,-7.151161,0
              -40.879071,-7.151563,0
              -40.881594,-7.157318,0
              -40.863682,-7.175418,0
              -40.866763,-7.192486,0
              -40.876115,-7.226748,0
              -40.876299,-7.22697,0
              -40.883104,-7.241136,0
              -40.877514,-7.259758,0
              -40.867901,-7.263648,0
              -40.867829,-7.263752,0
              -40.860301,-7.274615,0
              -40.838627,-7.272719,0
              -40.838492,-7.272707,0
              -40.800904,-7.266227,0
              -40.759617,-7.25679,0
              -40.738424,-7.249833,0
              -40.68607,-7.217697,0
              -40.671243,-7.209707,0
              -40.679801,-7.193253,0
              -40.698885,-7.156562,0
              -40.71032,-7.135111,0
              -40.780437,-7.134668,0
              -40.780667,-7.134188,0
              -40.789228,-7.116379,0
              -40.806648,-7.119883,0
              -40.808821,-7.120173,0
              -40.810769,-7.120315,0
              -40.816244,-7.120338,0
              -40.821693,-7.12036,0
              -40.822346,-7.120363,0
              -40.823637,-7.120404,0
              -40.824216,-7.120423,0
              -40.824499,-7.120432,0
              -40.828069,-7.120546,0              
	</coordinates>
      </LineString>
    </Placemark>
  </Document>
</kml>
