<?xml version="1.0" encoding="UTF-8"?>
<kml xmlns="http://www.opengis.net/kml/2.2">
  <Document>
    <name>ALTOS.kmz</name>
    <Style id="line-0000FF-3000-nodesc-normal">
      <LineStyle>
        <color>ffff0000</color>
        <width>3</width>
      </LineStyle>
      <BalloonStyle>
        <text><![CDATA[<h3>$[name]</h3>]]></text>
      </BalloonStyle>
    </Style>
    <Style id="line-0000FF-3000-nodesc-highlight">
      <LineStyle>
        <color>ffff0000</color>
        <width>4.5</width>
      </LineStyle>
      <BalloonStyle>
        <text><![CDATA[<h3>$[name]</h3>]]></text>
      </BalloonStyle>
    </Style>
    <StyleMap id="line-0000FF-3000-nodesc">
      <Pair>
        <key>normal</key>
        <styleUrl>#line-0000FF-3000-nodesc-normal</styleUrl>
      </Pair>
      <Pair>
        <key>highlight</key>
        <styleUrl>#line-0000FF-3000-nodesc-highlight</styleUrl>
      </Pair>
    </StyleMap>
    <Placemark>
      <name>ALTOS</name>
      <styleUrl>#line-0000FF-3000-nodesc</styleUrl>
      <LineString>
        <tessellate>1</tessellate>
        <coordinates>
              -42.483009,-4.867164,0
              -42.494911,-4.870883,0
              -42.571234,-4.894728,0
              -42.601795,-4.904278,0
              -42.601699,-4.939314,0
              -42.601527,-5.002501,0
              -42.601519,-5.005074,0
              -42.601347,-5.062169,0
              -42.601334,-5.066506,0
              -42.601317,-5.071704,0
              -42.601317,-5.07185,0
              -42.601313,-5.0729,0
              -42.60131,-5.073951,0
              -42.601303,-5.076179,0
              -42.601302,-5.076311,0
              -42.601229,-5.09931,0
              -42.600703,-5.121578,0
              -42.598973,-5.194312,0
              -42.597213,-5.192133,0
              -42.596445,-5.188042,0
              -42.594893,-5.184263,0
              -42.59301,-5.18457,0
              -42.589565,-5.183769,0
              -42.586282,-5.181713,0
              -42.584878,-5.180294,0
              -42.583161,-5.178243,0
              -42.580975,-5.176191,0
              -42.57926,-5.17414,0
              -42.578794,-5.172881,0
              -42.578958,-5.170837,0
              -42.579018,-5.170621,0
              -42.579051,-5.170502,0
              -42.579071,-5.17043,0
              -42.579097,-5.170334,0
              -42.579128,-5.170221,0
              -42.579435,-5.169109,0
              -42.57839,-5.169101,0
              -42.57824,-5.1691,0
              -42.578198,-5.1691,0
              -42.57807,-5.169098,0
              -42.578001,-5.169098,0
              -42.577878,-5.169097,0
              -42.576734,-5.169087,0
              -42.576614,-5.169086,0
              -42.575308,-5.169075,0
              -42.48202,-5.16829,0
              -42.478624,-5.168803,0
              -42.477197,-5.169786,0
              -42.476972,-5.171213,0
              -42.477157,-5.179782,0
              -42.476269,-5.182854,0
              -42.475385,-5.184718,0
              -42.472855,-5.187894,0
              -42.471318,-5.188986,0
              -42.470111,-5.18964,0
              -42.46923,-5.190735,0
              -42.468786,-5.1926,0
              -42.469764,-5.194142,0
              -42.46778,-5.197539,0
              -42.466896,-5.199733,0
              -42.465463,-5.202143,0
              -42.464473,-5.203238,0
              -42.46228,-5.203998,0
              -42.459099,-5.205414,0
              -42.458187,-5.205656,0
              -42.45805,-5.205693,0
              -42.45625,-5.206172,0
              -42.454385,-5.207043,0
              -42.452526,-5.206375,0
              -42.450882,-5.206919,0
              -42.449783,-5.207792,0
              -42.449007,-5.210205,0
              -42.448781,-5.211854,0
              -42.445708,-5.213927,0
              -42.443413,-5.212599,0
              -42.441779,-5.211055,0
              -42.441021,-5.208635,0
              -42.438844,-5.20577,0
              -42.435792,-5.202243,0
              -42.432847,-5.199375,0
              -42.430344,-5.19574,0
              -42.423241,-5.192526,0
              -42.419421,-5.189325,0
              -42.418663,-5.187345,0
              -42.421739,-5.184941,0
              -42.421853,-5.183844,0
              -42.420542,-5.18285,0
              -42.415727,-5.1825,0
              -42.413323,-5.181282,0
              -42.411687,-5.180067,0
              -42.409938,-5.179181,0
              -42.406776,-5.176093,0
              -42.405358,-5.174879,0
              -42.400881,-5.172005,0
              -42.399028,-5.17013,0
              -42.396072,-5.169898,0
              -42.393554,-5.170106,0
              -42.390832,-5.166361,0
              -42.386943,-5.162819,0
              -42.383455,-5.156696,0
              -42.382402,-5.155315,0
              -42.379052,-5.152669,0
              -42.390877,-5.141356,0
              -42.390401,-5.140118,0
              -42.390054,-5.139212,0
              -42.353184,-5.043283,0
              -42.312889,-4.938532,0
              -42.313111,-4.938124,0
              -42.354644,-4.861838,0
              -42.369027,-4.8354,0
              -42.370405,-4.831989,0
              -42.420421,-4.847613,0
              -42.482974,-4.867154,0
              -42.483009,-4.867164,0                 
	</coordinates>
      </LineString>
    </Placemark>
  </Document>
</kml>
