<?xml version="1.0" encoding="UTF-8"?>
<kml xmlns="http://www.opengis.net/kml/2.2">
  <Document>
    <name>ASSUNÇÃO DO PIAUÍ</name>
    <Style id="line-0000FF-3000-nodesc-normal">
      <LineStyle>
        <color>ffff0000</color>
        <width>3</width>
      </LineStyle>
      <BalloonStyle>
        <text><![CDATA[<h3>$[name]</h3>]]></text>
      </BalloonStyle>
    </Style>
    <Style id="line-0000FF-3000-nodesc-highlight">
      <LineStyle>
        <color>ffff0000</color>
        <width>4.5</width>
      </LineStyle>
      <BalloonStyle>
        <text><![CDATA[<h3>$[name]</h3>]]></text>
      </BalloonStyle>
    </Style>
    <StyleMap id="line-0000FF-3000-nodesc">
      <Pair>
        <key>normal</key>
        <styleUrl>#line-0000FF-3000-nodesc-normal</styleUrl>
      </Pair>
      <Pair>
        <key>highlight</key>
        <styleUrl>#line-0000FF-3000-nodesc-highlight</styleUrl>
      </Pair>
    </StyleMap>
    <Placemark>
      <name>ASSUNÇÃO DO PIAUÍ</name>
      <styleUrl>#line-0000FF-3000-nodesc</styleUrl>
      <LineString>
        <tessellate>1</tessellate>
        <coordinates>
              -40.915975,-6.048271,0
              -40.906306,-6.046517,0
              -40.907548,-6.044662,0
              -40.908019,-6.036281,0
              -40.907506,-6.03311,0
              -40.903947,-6.020877,0
              -40.899829,-6.01601,0
              -40.896471,-6.013093,0
              -40.891846,-6.007009,0
              -40.889819,-6.003983,0
              -40.888134,-5.998272,0
              -40.887355,-5.989327,0
              -40.885518,-5.987061,0
              -40.878191,-5.98208,0
              -40.875573,-5.977831,0
              -40.874157,-5.974725,0
              -40.873591,-5.973054,0
              -40.873634,-5.966758,0
              -40.874133,-5.961344,0
              -40.876365,-5.957784,0
              -40.876691,-5.955442,0
              -40.876248,-5.947853,0
              -40.876741,-5.946076,0
              -40.877814,-5.944618,0
              -40.879529,-5.935594,0
              -40.879649,-5.921912,0
              -40.880216,-5.917667,0
              -40.882534,-5.91548,0
              -40.888587,-5.912633,0
              -40.894463,-5.905993,0
              -40.896612,-5.903241,0
              -40.897519,-5.901297,0
              -40.897919,-5.896454,0
              -40.897414,-5.894518,0
              -40.894406,-5.889362,0
              -40.893491,-5.88557,0
              -40.893644,-5.883809,0
              -40.89544,-5.875752,0
              -40.899635,-5.863741,0
              -40.903403,-5.856037,0
              -40.905646,-5.849277,0
              -40.905777,-5.8405,0
              -40.907329,-5.830481,0
              -40.909057,-5.825551,0
              -40.905819,-5.801454,0
              -40.906529,-5.794546,0
              -40.909572,-5.781742,0
              -40.909806,-5.76486,0
              -40.910412,-5.759777,0
              -40.911483,-5.757191,0
              -40.916446,-5.751441,0
              -40.917439,-5.747214,0
              -40.917453,-5.747153,0
              -40.917753,-5.744794,0
              -40.917746,-5.742638,0
              -40.917182,-5.739568,0
              -40.916649,-5.737554,0
              -40.91456,-5.733604,0
              -40.913541,-5.726746,0
              -40.91395,-5.724967,0
              -40.919401,-5.716011,0
              -40.924129,-5.710574,0
              -40.927255,-5.706215,0
              -40.928245,-5.704112,0
              -40.928548,-5.695392,0
              -40.930377,-5.686214,0
              -40.933891,-5.679251,0
              -40.938769,-5.673341,0
              -40.937594,-5.669227,0
              -40.932611,-5.665404,0
              -40.929122,-5.66313,0
              -40.924773,-5.661932,0
              -40.91473,-5.659939,0
              -40.911233,-5.656559,0
              -40.910064,-5.654222,0
              -40.909371,-5.645689,0
              -40.907758,-5.642346,0
              -40.960893,-5.642112,0
              -41.167835,-5.641155,0
              -41.16786,-5.659228,0
              -41.168004,-5.785947,0
              -41.194362,-5.811864,0
              -41.197227,-5.814683,0
              -41.231869,-5.848754,0
              -41.25317,-5.869704,0
              -41.258934,-5.875373,0
              -41.258992,-5.931224,0
              -41.259096,-6.110448,0
              -41.193565,-6.098577,0
              -41.095028,-6.080724,0
              -40.98986,-6.061663,0
              -40.915975,-6.048271,0
	</coordinates>
      </LineString>
    </Placemark>
  </Document>
</kml>
