<?xml version="1.0" encoding="UTF-8"?>
<kml xmlns="http://www.opengis.net/kml/2.2">
  <Document>
    <name>BARRO DURO</name>
    <Style id="line-0000FF-3000-nodesc-normal">
      <LineStyle>
        <color>ffff0000</color>
        <width>3</width>
      </LineStyle>
      <BalloonStyle>
        <text><![CDATA[<h3>$[name]</h3>]]></text>
      </BalloonStyle>
    </Style>
    <Style id="line-0000FF-3000-nodesc-highlight">
      <LineStyle>
        <color>ffff0000</color>
        <width>4.5</width>
      </LineStyle>
      <BalloonStyle>
        <text><![CDATA[<h3>$[name]</h3>]]></text>
      </BalloonStyle>
    </Style>
    <StyleMap id="line-0000FF-3000-nodesc">
      <Pair>
        <key>normal</key>
        <styleUrl>#line-0000FF-3000-nodesc-normal</styleUrl>
      </Pair>
      <Pair>
        <key>highlight</key>
        <styleUrl>#line-0000FF-3000-nodesc-highlight</styleUrl>
      </Pair>
    </StyleMap>
    <Placemark>
      <name>BARRO DURO</name>
      <styleUrl>#line-0000FF-3000-nodesc</styleUrl>
      <LineString>
        <tessellate>1</tessellate>
        <coordinates>
              -42.539236,-5.799208,0
              -42.545205,-5.842212,0
              -42.512286,-5.863435,0
              -42.500549,-5.871,0
              -42.466295,-5.894769,0
              -42.465852,-5.894533,0
              -42.464286,-5.893698,0
              -42.46302,-5.892516,0
              -42.461231,-5.888292,0
              -42.460653,-5.886233,0
              -42.458229,-5.881118,0
              -42.457607,-5.878672,0
              -42.454578,-5.878169,0
              -42.452233,-5.877372,0
              -42.451503,-5.876586,0
              -42.451509,-5.875214,0
              -42.452111,-5.871983,0
              -42.451332,-5.871292,0
              -42.449865,-5.871284,0
              -42.44884,-5.870693,0
              -42.445811,-5.870188,0
              -42.443271,-5.869492,0
              -42.441321,-5.86811,0
              -42.439261,-5.866988,0
              -42.442301,-5.86228,0
              -42.446118,-5.856371,0
              -42.450909,-5.856589,0
              -42.451073,-5.853453,0
              -42.457143,-5.829596,0
              -42.456466,-5.828023,0
              -42.455446,-5.826842,0
              -42.452417,-5.825751,0
              -42.450467,-5.824273,0
              -42.448808,-5.823677,0
              -42.44603,-5.822194,0
              -42.444861,-5.821012,0
              -42.441899,-5.816392,0
              -42.438298,-5.812456,0
              -42.435173,-5.811461,0
              -42.430725,-5.811246,0
              -42.446811,-5.767742,0
              -42.44744,-5.767925,0
              -42.45546,-5.770254,0
              -42.462583,-5.772323,0
              -42.489506,-5.760332,0
              -42.500217,-5.755561,0
              -42.531343,-5.742416,0
              -42.534997,-5.768698,0
              -42.539236,-5.799208,0
	</coordinates>
      </LineString>
    </Placemark>
  </Document>
</kml>
