<?xml version="1.0" encoding="UTF-8"?>
<kml xmlns="http://www.opengis.net/kml/2.2">
  <Document>
    <name>BELA VISTA DO PIAUÍ</name>
    <Style id="line-0000FF-3000-nodesc-normal">
      <LineStyle>
        <color>ffff0000</color>
        <width>3</width>
      </LineStyle>
      <BalloonStyle>
        <text><![CDATA[<h3>$[name]</h3>]]></text>
      </BalloonStyle>
    </Style>
    <Style id="line-0000FF-3000-nodesc-highlight">
      <LineStyle>
        <color>ffff0000</color>
        <width>4.5</width>
      </LineStyle>
      <BalloonStyle>
        <text><![CDATA[<h3>$[name]</h3>]]></text>
      </BalloonStyle>
    </Style>
    <StyleMap id="line-0000FF-3000-nodesc">
      <Pair>
        <key>normal</key>
        <styleUrl>#line-0000FF-3000-nodesc-normal</styleUrl>
      </Pair>
      <Pair>
        <key>highlight</key>
        <styleUrl>#line-0000FF-3000-nodesc-highlight</styleUrl>
      </Pair>
    </StyleMap>
    <Placemark>
      <name>BELA VISTA DO PIAUÍ</name>
      <styleUrl>#line-0000FF-3000-nodesc</styleUrl>
      <LineString>
        <tessellate>1</tessellate>
        <coordinates>
              -41.925026,-7.888551,0
              -41.926353,-7.891741,0
              -41.927993,-7.894469,0
              -41.930158,-7.897436,0
              -41.93296,-7.899983,0
              -41.934377,-7.901706,0
              -41.938339,-7.904477,0
              -41.974368,-7.904998,0
              -41.998335,-7.90695,0
              -42.024027,-7.908819,0
              -42.021779,-7.936541,0
              -42.021345,-7.943179,0
              -42.031866,-7.975398,0
              -41.994167,-7.986576,0
              -41.968723,-8.000821,0
              -41.94821,-8.013074,0
              -41.912684,-8.013476,0
              -41.902486,-8.013591,0
              -41.873603,-8.050939,0
              -41.856547,-8.065505,0
              -41.85966,-8.113809,0
              -41.854742,-8.118353,0
              -41.85163,-8.119909,0
              -41.850074,-8.120096,0
              -41.845467,-8.119349,0
              -41.842978,-8.119037,0
              -41.839959,-8.118765,0
              -41.832213,-8.12054,0
              -41.827312,-8.119695,0
              -41.81751,-8.117414,0
              -41.813285,-8.116907,0
              -41.80137,-8.116822,0
              -41.795624,-8.116822,0
              -41.785991,-8.118512,0
              -41.777287,-8.116907,0
              -41.750162,-8.092401,0
              -41.739951,-8.088439,0
              -41.733986,-8.086589,0
              -41.725989,-8.083129,0
              -41.693224,-8.068954,0
              -41.715226,-8.055752,0
              -41.727243,-8.027488,0
              -41.731479,-8.012775,0
              -41.735526,-7.998721,0
              -41.738901,-7.987458,0
              -41.730412,-7.96062,0
              -41.775039,-7.933594,0
              -41.819977,-7.931223,0
              -41.856075,-7.939389,0
              -41.856137,-7.93836,0
              -41.857917,-7.935162,0
              -41.860423,-7.933237,0
              -41.86386,-7.929172,0
              -41.865407,-7.925166,0
              -41.874389,-7.91601,0
              -41.878419,-7.906667,0
              -41.878319,-7.905344,0
              -41.879749,-7.903672,0
              -41.880092,-7.90129,0
              -41.880969,-7.898142,0
              -41.880322,-7.895632,0
              -41.884896,-7.893648,0
              -41.888526,-7.891243,0
              -41.889988,-7.88773,0
              -41.890384,-7.886233,0
              -41.8906,-7.885414,0
              -41.893528,-7.885754,0
              -41.904206,-7.881592,0
              -41.913568,-7.875578,0
              -41.914786,-7.876614,0
              -41.915237,-7.876698,0
              -41.917737,-7.878989,0
              -41.923597,-7.885602,0
              -41.924315,-7.887085,0
              -41.925026,-7.888551,0
	</coordinates>
      </LineString>
    </Placemark>
  </Document>
</kml>
