<?xml version="1.0" encoding="UTF-8"?>
<kml xmlns="http://www.opengis.net/kml/2.2">
  <Document>
    <name>BOCAINA</name>
    <Style id="line-0000FF-3000-nodesc-normal">
      <LineStyle>
        <color>ffff0000</color>
        <width>3</width>
      </LineStyle>
      <BalloonStyle>
        <text><![CDATA[<h3>$[name]</h3>]]></text>
      </BalloonStyle>
    </Style>
    <Style id="line-0000FF-3000-nodesc-highlight">
      <LineStyle>
        <color>ffff0000</color>
        <width>4.5</width>
      </LineStyle>
      <BalloonStyle>
        <text><![CDATA[<h3>$[name]</h3>]]></text>
      </BalloonStyle>
    </Style>
    <StyleMap id="line-0000FF-3000-nodesc">
      <Pair>
        <key>normal</key>
        <styleUrl>#line-0000FF-3000-nodesc-normal</styleUrl>
      </Pair>
      <Pair>
        <key>highlight</key>
        <styleUrl>#line-0000FF-3000-nodesc-highlight</styleUrl>
      </Pair>
    </StyleMap>
    <Placemark>
      <name>BOCAINA</name>
      <styleUrl>#line-0000FF-3000-nodesc</styleUrl>
      <LineString>
        <tessellate>1</tessellate>
        <coordinates>
              -41.328502,-6.86351,0
              -41.339531,-6.867282,0
              -41.343134,-6.868514,0
              -41.395599,-6.863517,0
              -41.401372,-6.862967,0
              -41.404497,-6.862754,0
              -41.413217,-6.86216,0
              -41.433762,-6.882051,0
              -41.419799,-6.899231,0
              -41.38917,-6.936916,0
              -41.373612,-6.957125,0
              -41.354426,-6.982047,0
              -41.347731,-6.986543,0
              -41.317272,-7.007,0
              -41.30986,-6.990163,0
              -41.310587,-6.989677,0
              -41.302854,-6.96651,0
              -41.299091,-6.955235,0
              -41.247434,-6.952526,0
              -41.247223,-6.952271,0
              -41.231143,-6.932959,0
              -41.229764,-6.93035,0
              -41.223762,-6.922876,0
              -41.219548,-6.921077,0
              -41.21818,-6.920323,0
              -41.217382,-6.919645,0
              -41.198094,-6.894799,0
              -41.196454,-6.892686,0
              -41.195625,-6.89208,0
              -41.218427,-6.825875,0
              -41.269761,-6.843426,0
              -41.328502,-6.86351,0
	</coordinates>
      </LineString>
    </Placemark>
  </Document>
</kml>
