<?xml version="1.0" encoding="UTF-8"?>
<kml xmlns="http://www.opengis.net/kml/2.2">
  <Document>
    <name>BOM PRINCÍPIO DO PIAUÍ</name>
    <Style id="line-0000FF-3000-nodesc-normal">
      <LineStyle>
        <color>ffff0000</color>
        <width>3</width>
      </LineStyle>
      <BalloonStyle>
        <text><![CDATA[<h3>$[name]</h3>]]></text>
      </BalloonStyle>
    </Style>
    <Style id="line-0000FF-3000-nodesc-highlight">
      <LineStyle>
        <color>ffff0000</color>
        <width>4.5</width>
      </LineStyle>
      <BalloonStyle>
        <text><![CDATA[<h3>$[name]</h3>]]></text>
      </BalloonStyle>
    </Style>
    <StyleMap id="line-0000FF-3000-nodesc">
      <Pair>
        <key>normal</key>
        <styleUrl>#line-0000FF-3000-nodesc-normal</styleUrl>
      </Pair>
      <Pair>
        <key>highlight</key>
        <styleUrl>#line-0000FF-3000-nodesc-highlight</styleUrl>
      </Pair>
    </StyleMap>
    <Placemark>
      <name>BOM PRINCÍPIO DO PIAUÍ</name>
      <styleUrl>#line-0000FF-3000-nodesc</styleUrl>
      <LineString>
        <tessellate>1</tessellate>
        <coordinates>
              -41.61602,-3.278513,0
              -41.558359,-3.234108,0
              -41.554644,-3.231248,0
              -41.516605,-3.21231,0
              -41.517506,-3.188384,0
              -41.511491,-3.185728,0
              -41.472488,-3.165412,0
              -41.471723,-3.165014,0
              -41.463058,-3.160501,0
              -41.463582,-3.148243,0
              -41.463622,-3.147306,0
              -41.46458,-3.124886,0
              -41.556893,-3.12291,0
              -41.598049,-3.122026,0
              -41.599464,-3.106398,0
              -41.603429,-3.06256,0
              -41.60568,-3.061196,0
              -41.614053,-3.052436,0
              -41.616093,-3.050301,0
              -41.618398,-3.048066,0
              -41.620328,-3.046618,0
              -41.622293,-3.045144,0
              -41.624353,-3.044283,0
              -41.628736,-3.038835,0
              -41.641572,-3.029362,0
              -41.64501,-3.026368,0
              -41.658735,-3.016628,0
              -41.674657,-3.01115,0
              -41.695659,-3.039926,0
              -41.714209,-3.059658,0
              -41.771546,-3.120666,0
              -41.714021,-3.19066,0
              -41.666542,-3.24843,0
              -41.692669,-3.30513,0
              -41.693607,-3.30757,0
              -41.684801,-3.305991,0
              -41.62777,-3.295764,0
              -41.62693,-3.295613,0
              -41.626818,-3.295593,0
              -41.626192,-3.295481,0
              -41.626053,-3.295456,0
              -41.625559,-3.295367,0
              -41.615581,-3.293578,0
              -41.615671,-3.290485,0
              -41.615676,-3.290331,0
              -41.615694,-3.289708,0
              -41.61602,-3.278513,0
	</coordinates>
      </LineString>
    </Placemark>
  </Document>
</kml>
