<?xml version="1.0" encoding="UTF-8"?>
<kml xmlns="http://www.opengis.net/kml/2.2">
  <Document>
    <name>CABECEIRAS DO PIAUÍ</name>
    <Style id="line-0000FF-3000-nodesc-normal">
      <LineStyle>
        <color>ffff0000</color>
        <width>3</width>
      </LineStyle>
      <BalloonStyle>
        <text><![CDATA[<h3>$[name]</h3>]]></text>
      </BalloonStyle>
    </Style>
    <Style id="line-0000FF-3000-nodesc-highlight">
      <LineStyle>
        <color>ffff0000</color>
        <width>4.5</width>
      </LineStyle>
      <BalloonStyle>
        <text><![CDATA[<h3>$[name]</h3>]]></text>
      </BalloonStyle>
    </Style>
    <StyleMap id="line-0000FF-3000-nodesc">
      <Pair>
        <key>normal</key>
        <styleUrl>#line-0000FF-3000-nodesc-normal</styleUrl>
      </Pair>
      <Pair>
        <key>highlight</key>
        <styleUrl>#line-0000FF-3000-nodesc-highlight</styleUrl>
      </Pair>
    </StyleMap>
    <Placemark>
      <name>CABECEIRAS DO PIAUÍ</name>
      <styleUrl>#line-0000FF-3000-nodesc</styleUrl>
      <LineString>
        <tessellate>1</tessellate>
        <coordinates>
              -42.535204,-4.344842,0
              -42.548016,-4.345047,0
              -42.557159,-4.366896,0
              -42.556138,-4.36716,0
              -42.555035,-4.367155,0
              -42.554004,-4.366835,0
              -42.552993,-4.366762,0
              -42.552102,-4.366935,0
              -42.551179,-4.366897,0
              -42.549805,-4.365515,0
              -42.54923,-4.364102,0
              -42.546231,-4.362434,0
              -42.539435,-4.369166,0
              -42.473677,-4.434286,0
              -42.460645,-4.437106,0
              -42.44475,-4.440545,0
              -42.423331,-4.464851,0
              -42.420405,-4.468171,0
              -42.435391,-4.477591,0
              -42.353427,-4.520734,0
              -42.353307,-4.520797,0
              -42.302254,-4.547648,0
              -42.29575,-4.551067,0
              -42.278498,-4.549456,0
              -42.277581,-4.548984,0
              -42.250854,-4.535195,0
              -42.18271,-4.499223,0
              -42.150806,-4.482382,0
              -42.152216,-4.475843,0
              -42.153141,-4.474325,0
              -42.156222,-4.473817,0
              -42.158467,-4.475445,0
              -42.15916,-4.476626,0
              -42.160244,-4.476973,0
              -42.16261,-4.476314,0
              -42.165599,-4.473937,0
              -42.168108,-4.473209,0
              -42.168772,-4.47174,0
              -42.167585,-4.467736,0
              -42.167387,-4.466546,0
              -42.168106,-4.465088,0
              -42.169439,-4.465109,0
              -42.17136,-4.466105,0
              -42.172907,-4.467422,0
              -42.176855,-4.465669,0
              -42.178607,-4.464315,0
              -42.178673,-4.462796,0
              -42.178694,-4.462324,0
              -42.174416,-4.459917,0
              -42.170524,-4.455969,0
              -42.169384,-4.454614,0
              -42.166651,-4.449721,0
              -42.16624,-4.448985,0
              -42.166938,-4.444958,0
              -42.166551,-4.442605,0
              -42.166134,-4.441021,0
              -42.165855,-4.438759,0
              -42.166275,-4.435134,0
              -42.167498,-4.432603,0
              -42.16786,-4.429517,0
              -42.167301,-4.427977,0
              -42.166884,-4.425757,0
              -42.167055,-4.424724,0
              -42.167666,-4.423184,0
              -42.169109,-4.421425,0
              -42.171051,-4.420003,0
              -42.173493,-4.419449,0
              -42.177826,-4.416781,0
              -42.179945,-4.414926,0
              -42.1813,-4.413035,0
              -42.181797,-4.411228,0
              -42.181241,-4.409952,0
              -42.178776,-4.407414,0
              -42.177491,-4.405013,0
              -42.176908,-4.40311,0
              -42.176718,-4.400866,0
              -42.177217,-4.399617,0
              -42.178416,-4.397821,0
              -42.179357,-4.39709,0
              -42.182748,-4.395106,0
              -42.183577,-4.394073,0
              -42.183888,-4.393286,0
              -42.184579,-4.391538,0
              -42.185661,-4.389934,0
              -42.186302,-4.389235,0
              -42.193302,-4.385376,0
              -42.195687,-4.382261,0
              -42.195854,-4.380949,0
              -42.198366,-4.380485,0
              -42.265373,-4.368082,0
              -42.266769,-4.367823,0
              -42.307649,-4.36025,0
              -42.308002,-4.360185,0
              -42.338651,-4.354505,0
              -42.343645,-4.353579,0
              -42.417288,-4.339919,0
              -42.419581,-4.343484,0
              -42.42937,-4.34035,0
              -42.447862,-4.334427,0
              -42.482419,-4.343944,0
              -42.482621,-4.344,0
              -42.535204,-4.344842,0
	</coordinates>
      </LineString>
    </Placemark>
  </Document>
</kml>
