<?xml version="1.0" encoding="UTF-8"?>
<kml xmlns="http://www.opengis.net/kml/2.2">
  <Document>
    <name>CALDEIRÃO GRANDE DO PIAUÍ</name>
    <Style id="line-0000FF-3000-nodesc-normal">
      <LineStyle>
        <color>ffff0000</color>
        <width>3</width>
      </LineStyle>
      <BalloonStyle>
        <text><![CDATA[<h3>$[name]</h3>]]></text>
      </BalloonStyle>
    </Style>
    <Style id="line-0000FF-3000-nodesc-highlight">
      <LineStyle>
        <color>ffff0000</color>
        <width>4.5</width>
      </LineStyle>
      <BalloonStyle>
        <text><![CDATA[<h3>$[name]</h3>]]></text>
      </BalloonStyle>
    </Style>
    <StyleMap id="line-0000FF-3000-nodesc">
      <Pair>
        <key>normal</key>
        <styleUrl>#line-0000FF-3000-nodesc-normal</styleUrl>
      </Pair>
      <Pair>
        <key>highlight</key>
        <styleUrl>#line-0000FF-3000-nodesc-highlight</styleUrl>
      </Pair>
    </StyleMap>
    <Placemark>
      <name>CALDEIRÃO GRANDE DO PIAUÍ</name>
      <styleUrl>#line-0000FF-3000-nodesc</styleUrl>
      <LineString>
        <tessellate>1</tessellate>
        <coordinates>
              -40.671243,-7.209707,0
              -40.68607,-7.217697,0
              -40.738424,-7.249833,0
              -40.759617,-7.25679,0
              -40.748852,-7.295107,0
              -40.745964,-7.305833,0
              -40.741961,-7.320702,0
              -40.741713,-7.326745,0
              -40.741624,-7.328906,0
              -40.740101,-7.337105,0
              -40.737618,-7.350477,0
              -40.714398,-7.373283,0
              -40.694407,-7.392662,0
              -40.652323,-7.433342,0
              -40.589243,-7.408652,0
              -40.548464,-7.392691,0
              -40.54267,-7.360373,0
              -40.540541,-7.34485,0
              -40.540422,-7.341403,0
              -40.541894,-7.335826,0
              -40.541508,-7.332269,0
              -40.540225,-7.330621,0
              -40.536273,-7.327126,0
              -40.522875,-7.317864,0
              -40.51823,-7.313597,0
              -40.514269,-7.307832,0
              -40.512171,-7.301801,0
              -40.511631,-7.299431,0
              -40.512383,-7.285447,0
              -40.515278,-7.27517,0
              -40.515538,-7.269834,0
              -40.515799,-7.264461,0
              -40.513561,-7.239703,0
              -40.51096,-7.233854,0
              -40.510713,-7.226966,0
              -40.510268,-7.224356,0
              -40.506117,-7.21086,0
              -40.538846,-7.210144,0
              -40.575371,-7.210773,0
              -40.60133,-7.214253,0
              -40.601825,-7.214319,0
              -40.606003,-7.21488,0
              -40.617999,-7.211881,0
              -40.652797,-7.208006,0
              -40.671243,-7.209707,0
	</coordinates>
      </LineString>
    </Placemark>
  </Document>
</kml>
