<?xml version="1.0" encoding="UTF-8"?>
<kml xmlns="http://www.opengis.net/kml/2.2">
  <Document>
    <name>CAMPO ALEGRE DO FIDALGO</name>
    <Style id="line-0000FF-3000-nodesc-normal">
      <LineStyle>
        <color>ffff0000</color>
        <width>3</width>
      </LineStyle>
      <BalloonStyle>
        <text><![CDATA[<h3>$[name]</h3>]]></text>
      </BalloonStyle>
    </Style>
    <Style id="line-0000FF-3000-nodesc-highlight">
      <LineStyle>
        <color>ffff0000</color>
        <width>4.5</width>
      </LineStyle>
      <BalloonStyle>
        <text><![CDATA[<h3>$[name]</h3>]]></text>
      </BalloonStyle>
    </Style>
    <StyleMap id="line-0000FF-3000-nodesc">
      <Pair>
        <key>normal</key>
        <styleUrl>#line-0000FF-3000-nodesc-normal</styleUrl>
      </Pair>
      <Pair>
        <key>highlight</key>
        <styleUrl>#line-0000FF-3000-nodesc-highlight</styleUrl>
      </Pair>
    </StyleMap>
    <Placemark>
      <name>CAMPO ALEGRE DO FIDALGO</name>
      <styleUrl>#line-0000FF-3000-nodesc</styleUrl>
      <LineString>
        <tessellate>1</tessellate>
        <coordinates>
              -41.891666,-8.134445,0
              -41.895167,-8.147644,0
              -41.924068,-8.256695,0
              -41.929181,-8.276004,0
              -41.952836,-8.356642,0
              -41.957553,-8.372728,0
              -41.949622,-8.373339,0
              -41.937159,-8.399733,0
              -41.927363,-8.399763,0
              -41.842969,-8.39999,0
              -41.734936,-8.400281,0
              -41.726979,-8.400301,0
              -41.673543,-8.392466,0
              -41.669664,-8.350294,0
              -41.676981,-8.32851,0
              -41.66066,-8.304574,0
              -41.657106,-8.299003,0
              -41.666215,-8.291089,0
              -41.676926,-8.283821,0
              -41.680734,-8.27831,0
              -41.685773,-8.274165,0
              -41.688843,-8.274027,0
              -41.689843,-8.273982,0
              -41.691085,-8.276236,0
              -41.691739,-8.279605,0
              -41.696186,-8.284337,0
              -41.706221,-8.290817,0
              -41.710554,-8.29345,0
              -41.714319,-8.295268,0
              -41.717619,-8.294969,0
              -41.720668,-8.294452,0
              -41.722625,-8.295521,0
              -41.723951,-8.297055,0
              -41.72947,-8.298679,0
              -41.731372,-8.299732,0
              -41.733515,-8.300736,0
              -41.735596,-8.302199,0
              -41.739937,-8.30439,0
              -41.742764,-8.306181,0
              -41.745046,-8.308104,0
              -41.74725,-8.30933,0
              -41.749397,-8.312062,0
              -41.771469,-8.2901,0
              -41.783111,-8.251317,0
              -41.783468,-8.222037,0
              -41.768156,-8.20655,0
              -41.743397,-8.181511,0
              -41.734771,-8.17917,0
              -41.731055,-8.17576,0
              -41.728892,-8.171519,0
              -41.729635,-8.167425,0
              -41.73203,-8.163289,0
              -41.735221,-8.161956,0
              -41.73941,-8.161869,0
              -41.744988,-8.162744,0
              -41.75149,-8.162657,0
              -41.755416,-8.160663,0
              -41.759539,-8.153515,0
              -41.763937,-8.143439,0
              -41.766677,-8.140566,0
              -41.769367,-8.138217,0
              -41.771887,-8.135092,0
              -41.773915,-8.130568,0
              -41.774774,-8.126421,0
              -41.775449,-8.124636,0
              -41.775629,-8.123323,0
              -41.776633,-8.120936,0
              -41.739951,-8.088439,0
              -41.750162,-8.092401,0
              -41.777287,-8.116907,0
              -41.785991,-8.118512,0
              -41.795624,-8.116822,0
              -41.80137,-8.116822,0
              -41.813285,-8.116907,0
              -41.81751,-8.117414,0
              -41.827312,-8.119695,0
              -41.832213,-8.12054,0
              -41.839959,-8.118765,0
              -41.882007,-8.131516,0
              -41.891666,-8.134445,0
	</coordinates>
      </LineString>
    </Placemark>
  </Document>
</kml>
