<?xml version="1.0" encoding="UTF-8"?>
<kml xmlns="http://www.opengis.net/kml/2.2">
  <Document>
    <name>COCAL DE TELHA</name>
    <Style id="line-0000FF-3000-nodesc-normal">
      <LineStyle>
        <color>ffff0000</color>
        <width>3</width>
      </LineStyle>
      <BalloonStyle>
        <text><![CDATA[<h3>$[name]</h3>]]></text>
      </BalloonStyle>
    </Style>
    <Style id="line-0000FF-3000-nodesc-highlight">
      <LineStyle>
        <color>ffff0000</color>
        <width>4.5</width>
      </LineStyle>
      <BalloonStyle>
        <text><![CDATA[<h3>$[name]</h3>]]></text>
      </BalloonStyle>
    </Style>
    <StyleMap id="line-0000FF-3000-nodesc">
      <Pair>
        <key>normal</key>
        <styleUrl>#line-0000FF-3000-nodesc-normal</styleUrl>
      </Pair>
      <Pair>
        <key>highlight</key>
        <styleUrl>#line-0000FF-3000-nodesc-highlight</styleUrl>
      </Pair>
    </StyleMap>
    <Placemark>
      <name>COCAL DE TELHA</name>
      <styleUrl>#line-0000FF-3000-nodesc</styleUrl>
      <LineString>
        <tessellate>1</tessellate>
        <coordinates>
              -42.059095,-4.642231,0
              -42.051143,-4.652461,0
              -42.062501,-4.660998,0
              -42.061664,-4.661715,0
              -42.060221,-4.663418,0
              -42.058418,-4.664789,0
              -42.054906,-4.665681,0
              -42.052047,-4.66538,0
              -42.050667,-4.66612,0
              -42.049804,-4.666855,0
              -42.045413,-4.668697,0
              -42.044446,-4.669261,0
              -42.043715,-4.670253,0
              -42.042407,-4.673059,0
              -42.042661,-4.676523,0
              -42.04141,-4.67903,0
              -42.039437,-4.68159,0
              -42.038833,-4.682688,0
              -42.036662,-4.6852,0
              -42.035775,-4.686929,0
              -42.034608,-4.688212,0
              -42.034273,-4.688329,0
              -42.031634,-4.688101,0
              -42.028657,-4.689835,0
              -42.027271,-4.690806,0
              -42.0245,-4.691831,0
              -42.022748,-4.692287,0
              -42.017806,-4.691896,0
              -42.016713,-4.692011,0
              -42.015774,-4.692567,0
              -42.013796,-4.69481,0
              -42.013243,-4.696074,0
              -42.011437,-4.69839,0
              -42.009668,-4.698825,0
              -42.00801,-4.697918,0
              -42.007243,-4.697917,0
              -42.006086,-4.699165,0
              -42.006273,-4.700193,0
              -42.004671,-4.700955,0
              -42.000363,-4.70057,0
              -41.996717,-4.700945,0
              -41.995883,-4.700714,0
              -41.994,-4.700733,0
              -41.992699,-4.700385,0
              -41.986939,-4.699358,0
              -41.986388,-4.699173,0
              -41.98591,-4.698786,0
              -41.985631,-4.698081,0
              -41.985128,-4.697401,0
              -41.982965,-4.696255,0
              -41.981355,-4.694199,0
              -41.980838,-4.693945,0
              -41.978799,-4.693416,0
              -41.977961,-4.693332,0
              -41.975662,-4.693946,0
              -41.97494,-4.693996,0
              -41.972907,-4.693712,0
              -41.97222,-4.693482,0
              -41.962577,-4.693789,0
              -41.960687,-4.693103,0
              -41.956248,-4.692438,0
              -41.955185,-4.691715,0
              -41.954797,-4.691172,0
              -41.954354,-4.690845,0
              -41.951437,-4.689517,0
              -41.951197,-4.688702,0
              -41.951555,-4.687108,0
              -41.952032,-4.685991,0
              -41.951847,-4.684822,0
              -41.93768,-4.685931,0
              -41.937493,-4.685945,0
              -41.908094,-4.688243,0
              -41.90914,-4.683275,0
              -41.909137,-4.682289,0
              -41.908748,-4.680512,0
              -41.907551,-4.676877,0
              -41.906098,-4.673844,0
              -41.905665,-4.672545,0
              -41.878476,-4.671021,0
              -41.847471,-4.613388,0
              -41.86222,-4.603296,0
              -41.918046,-4.565111,0
              -41.929883,-4.556971,0
              -41.96582,-4.532404,0
              -41.966581,-4.531884,0
              -41.995501,-4.530693,0
              -42.013706,-4.529525,0
              -42.013039,-4.530272,0
              -42.012568,-4.531148,0
              -42.012298,-4.532737,0
              -42.011205,-4.535721,0
              -42.010315,-4.540332,0
              -42.009689,-4.541924,0
              -42.009024,-4.543238,0
              -42.007765,-4.544594,0
              -42.006976,-4.544955,0
              -42.005712,-4.54496,0
              -42.004484,-4.544249,0
              -42.003411,-4.542665,0
              -42.0023,-4.541558,0
              -42.000599,-4.540811,0
              -42.000125,-4.540733,0
              -42.036177,-4.603437,0
              -42.039488,-4.609196,0
              -42.041744,-4.613177,0
              -42.042988,-4.615193,0
              -42.059095,-4.642231,0
	</coordinates>
      </LineString>
    </Placemark>
  </Document>
</kml>
