<?xml version="1.0" encoding="UTF-8"?>
<kml xmlns="http://www.opengis.net/kml/2.2">
  <Document>
    <name>CONCEIÇÃO DO CANINDÉ</name>
    <Style id="line-0000FF-3000-nodesc-normal">
      <LineStyle>
        <color>ffff0000</color>
        <width>3</width>
      </LineStyle>
      <BalloonStyle>
        <text><![CDATA[<h3>$[name]</h3>]]></text>
      </BalloonStyle>
    </Style>
    <Style id="line-0000FF-3000-nodesc-highlight">
      <LineStyle>
        <color>ffff0000</color>
        <width>4.5</width>
      </LineStyle>
      <BalloonStyle>
        <text><![CDATA[<h3>$[name]</h3>]]></text>
      </BalloonStyle>
    </Style>
    <StyleMap id="line-0000FF-3000-nodesc">
      <Pair>
        <key>normal</key>
        <styleUrl>#line-0000FF-3000-nodesc-normal</styleUrl>
      </Pair>
      <Pair>
        <key>highlight</key>
        <styleUrl>#line-0000FF-3000-nodesc-highlight</styleUrl>
      </Pair>
    </StyleMap>
    <Placemark>
      <name>CONCEIÇÃO DO CANINDÉ</name>
      <styleUrl>#line-0000FF-3000-nodesc</styleUrl>
      <LineString>
        <tessellate>1</tessellate>
        <coordinates>
              -41.656878,-7.829932,0
              -41.663381,-7.837381,0
              -41.663625,-7.837355,0
              -41.746562,-7.862326,0
              -41.702693,-7.929624,0
              -41.735526,-7.998721,0
              -41.731479,-8.012775,0
              -41.727243,-8.027488,0
              -41.715226,-8.055752,0
              -41.693224,-8.068954,0
              -41.658512,-8.066103,0
              -41.636197,-8.068128,0
              -41.633298,-8.06839,0
              -41.618299,-8.055227,0
              -41.615449,-8.052096,0
              -41.612963,-8.049645,0
              -41.610207,-8.0464,0
              -41.609654,-8.045986,0
              -41.608092,-8.045313,0
              -41.606798,-8.045188,0
              -41.604594,-8.045163,0
              -41.60309,-8.044662,0
              -41.602404,-8.044229,0
              -41.601281,-8.043894,0
              -41.598839,-8.043796,0
              -41.598064,-8.043552,0
              -41.595066,-8.041903,0
              -41.593017,-8.041096,0
              -41.589478,-8.040869,0
              -41.588081,-8.040555,0
              -41.586159,-8.039895,0
              -41.584786,-8.039556,0
              -41.58035,-8.039036,0
              -41.578258,-8.039074,0
              -41.574559,-8.038848,0
              -41.573995,-8.039227,0
              -41.570714,-8.038808,0
              -41.566475,-8.038733,0
              -41.564824,-8.03892,0
              -41.561296,-8.039584,0
              -41.558244,-8.039855,0
              -41.556062,-8.03968,0
              -41.554898,-8.039196,0
              -41.553302,-8.038097,0
              -41.552072,-8.037047,0
              -41.548918,-8.032922,0
              -41.547088,-8.030754,0
              -41.545973,-8.02993,0
              -41.544782,-8.029227,0
              -41.535179,-8.015772,0
              -41.510891,-8.015085,0
              -41.510981,-8.013523,0
              -41.510872,-8.012062,0
              -41.510665,-8.011157,0
              -41.510105,-8.010253,0
              -41.507168,-8.008356,0
              -41.503623,-8.006463,0
              -41.502811,-8.005813,0
              -41.502561,-8.005356,0
              -41.500783,-8.003656,0
              -41.500227,-8.002683,0
              -41.500221,-8.001645,0
              -41.50003,-8.000487,0
              -41.495925,-7.998742,0
              -41.494521,-7.998811,0
              -41.494218,-7.999362,0
              -41.493918,-8.000401,0
              -41.492832,-8.002545,0
              -41.491554,-8.003467,0
              -41.490699,-8.003595,0
              -41.488132,-8.003488,0
              -41.487212,-8.002883,0
              -41.486661,-8.002705,0
              -41.485439,-8.002772,0
              -41.484479,-8.003332,0
              -41.483345,-8.000621,0
              -41.482205,-7.998192,0
              -41.482455,-7.989002,0
              -41.539552,-7.931959,0
              -41.504557,-7.919019,0
              -41.404329,-7.881958,0
              -41.397837,-7.853588,0
              -41.382708,-7.787477,0
              -41.391469,-7.784027,0
              -41.433905,-7.767306,0
              -41.464855,-7.755104,0
              -41.477496,-7.750119,0
              -41.47777,-7.750011,0
              -41.485689,-7.793175,0
              -41.550445,-7.770334,0
              -41.570816,-7.763909,0
              -41.586998,-7.758803,0
              -41.606203,-7.76729,0
              -41.606373,-7.767645,0
              -41.607082,-7.769125,0
              -41.623656,-7.790667,0
              -41.636561,-7.806659,0
              -41.656629,-7.829647,0
              -41.656878,-7.829932,0
	</coordinates>
      </LineString>
    </Placemark>
  </Document>
</kml>
