<?xml version="1.0" encoding="UTF-8"?>
<kml xmlns="http://www.opengis.net/kml/2.2">
  <Document>
    <name>CURRALINHOS</name>
    <Style id="line-0000FF-3000-nodesc-normal">
      <LineStyle>
        <color>ffff0000</color>
        <width>3</width>
      </LineStyle>
      <BalloonStyle>
        <text><![CDATA[<h3>$[name]</h3>]]></text>
      </BalloonStyle>
    </Style>
    <Style id="line-0000FF-3000-nodesc-highlight">
      <LineStyle>
        <color>ffff0000</color>
        <width>4.5</width>
      </LineStyle>
      <BalloonStyle>
        <text><![CDATA[<h3>$[name]</h3>]]></text>
      </BalloonStyle>
    </Style>
    <StyleMap id="line-0000FF-3000-nodesc">
      <Pair>
        <key>normal</key>
        <styleUrl>#line-0000FF-3000-nodesc-normal</styleUrl>
      </Pair>
      <Pair>
        <key>highlight</key>
        <styleUrl>#line-0000FF-3000-nodesc-highlight</styleUrl>
      </Pair>
    </StyleMap>
    <Placemark>
      <name>CURRALINHOS</name>
      <styleUrl>#line-0000FF-3000-nodesc</styleUrl>
      <LineString>
        <tessellate>1</tessellate>
        <coordinates>
              -42.914648,-5.556045,0
              -42.930977,-5.574427,0
              -42.941792,-5.586603,0
              -42.914561,-5.626018,0
              -42.971916,-5.628542,0
              -42.964302,-5.635734,0
              -42.960482,-5.637665,0
              -42.95933,-5.638667,0
              -42.957788,-5.643079,0
              -42.955593,-5.646287,0
              -42.954729,-5.650752,0
              -42.953272,-5.652479,0
              -42.975481,-5.682706,0
              -42.951726,-5.695945,0
              -42.936434,-5.704467,0
              -42.896979,-5.696053,0
              -42.85879,-5.68791,0
              -42.81405,-5.678369,0
              -42.781388,-5.671399,0
              -42.739288,-5.662415,0
              -42.734044,-5.661259,0
              -42.734992,-5.634281,0
              -42.749048,-5.629635,0
              -42.761331,-5.625576,0
              -42.753792,-5.575446,0
              -42.748536,-5.540527,0
              -42.749614,-5.539199,0
              -42.754543,-5.536928,0
              -42.758991,-5.529422,0
              -42.771474,-5.522531,0
              -42.774463,-5.521989,0
              -42.778264,-5.522637,0
              -42.781036,-5.522187,0
              -42.782486,-5.521271,0
              -42.784844,-5.5212,0
              -42.790111,-5.519928,0
              -42.79758,-5.515243,0
              -42.800034,-5.511669,0
              -42.805871,-5.507628,0
              -42.808551,-5.503919,0
              -42.811469,-5.501469,0
              -42.813046,-5.502965,0
              -42.814916,-5.505633,0
              -42.816643,-5.518957,0
              -42.818983,-5.524102,0
              -42.846684,-5.536075,0
              -42.847147,-5.537357,0
              -42.849662,-5.54036,0
              -42.84981,-5.540801,0
              -42.849778,-5.541734,0
              -42.848325,-5.542843,0
              -42.847682,-5.544025,0
              -42.847463,-5.546197,0
              -42.848839,-5.546157,0
              -42.851166,-5.546872,0
              -42.853095,-5.548995,0
              -42.855009,-5.550341,0
              -42.856448,-5.554053,0
              -42.857698,-5.555543,0
              -42.8612,-5.558204,0
              -42.861925,-5.559782,0
              -42.861824,-5.561235,0
              -42.855952,-5.570508,0
              -42.861029,-5.569257,0
              -42.914648,-5.556045,0
	</coordinates>
      </LineString>
    </Placemark>
  </Document>
</kml>
