<?xml version="1.0" encoding="UTF-8"?>
<!DOCTYPE resources PUBLIC "-//GlassFish.org//DTD GlassFish Application Server 3.1 Resource Definitions//EN" "http://glassfish.org/dtds/glassfish-resources_1_5.dtd">
<resources>
    <!-- 
    
    <jdbc-resource enabled="true" jndi-name="jdbc/pagcontascarneDS" object-type="user" pool-name="pagcontascarne">
        <description/>
    </jdbc-resource>
    <jdbc-connection-pool name="pagcontascarne"  
                          datasource-classname="org.postgresql.ds.PGSimpleDataSource" 
                          res-type="javax.sql.DataSource">
        <property name="User" value="postgres"></property>
        <property name="DatabaseName" value="pagcontascarne"></property>
        <property name="Password" value="postgres"></property>
        <property name="Ssl" value="false"></property>
        <property name="ServerName" value="localhost"></property>
    </jdbc-connection-pool>
    -->
</resources>
